company,slug,call,call_date,number_called,line_type,reached_human,time_to_human,ai_assistant_first,menu_demanded,what_worked,source_url,notes
AAA (Mountain West Group insurance),aaa-insurance-customer-service,only call,2026-10-08,877-323-4222,company line,yes,1:24,no,"language, menu option, ZIP code","press 1 (English), press 4 (membership or insurance quote), enter a ZIP code",https://call4.me/blog/aaa-insurance-customer-service,
Allstate,allstate-customer-service-number,only call,2026-10-02,800-726-6033,company line,yes,2:08,no,"spoken answers: claims or not, reason for calling, ZIP code, state, home ownership; no account number","answering every question, even with ""no"" or ""I'm not sure""",https://call4.me/blog/allstate-customer-service-number,post prose: 2 minutes 9 seconds after dialing
Amazon Pharmacy,amazon-pharmacy-phone-number,only call in this post,2026-09-28,855-745-5725,company line,yes,3:40,yes,"mobile number on the account, six digit verification code",stating the request in one sentence; the automated assistant transferred to customer care,https://call4.me/blog/amazon-pharmacy-phone-number,"own account; post calls it an ""automated assistant"""
Amazon Pharmacy,how-to-transfer-a-prescription,call 3 of 3 (the Amazon Pharmacy call),2026-09-28,(855) 745-5725,company line,yes,3:18,unknown,"mobile number on the account, six digit verification code",asking for a note on the account; the phone system offered a transfer to a customer care representative,https://call4.me/blog/how-to-transfer-a-prescription,"own account; post calls it the ""phone menu"" and ""Phone system""; calls 1 and 2 were to a local Walgreens and are not included"
American Airlines,american-airlines-flight-credit,call 1 of 2,2026-10-01,800-433-7300,company line,yes,1:40,no,"spoken reason, miles, number of passengers, AAdvantage account","saying ""book a held reservation""",https://call4.me/blog/american-airlines-flight-credit,a call4me customer's call; published recording shortens dead air; post table gives 1:56 on the call
American Airlines,american-airlines-flight-credit,call 2 of 2,2026-10-01,800-433-7300,company line,yes,1:45,no,"spoken reason, miles, number of passengers, AAdvantage account (asked three times)","saying ""book a held reservation""",https://call4.me/blog/american-airlines-flight-credit,a call4me customer's call; published recording shortens dead air; post table gives 2:02 on the call
Aquasana,aquasana-return-exception,only call,2026-10-06,,company line,yes,7:49,no,none before the hold,staying on hold instead of taking the callback offer,https://call4.me/blog/aquasana-return-exception,a call4me customer's call; post does not state the number dialed; transcript timestamps approximate
Audible,cancel-audible,only call,2026-10-02,888-283-5051,company line,yes,2:00,no,"keypad checks (type the digits it reads out), menu option 2","typing 270, pressing 2, typing 550",https://call4.me/blog/cancel-audible,
DIRECTV,directv-customer-service,call 1 of 2,2026-10-08,800-531-5000,company line,no,,yes,phone number on the DIRECTV service,nothing; our caller turned down the second offer to connect and hung up,https://call4.me/blog/directv-customer-service,
DIRECTV,directv-customer-service,call 2 of 2,2026-10-08,800-531-5000,company line,yes,2:47,yes,"phone number on the service (three times), four to nine digit account number","saying ""cancel service"", saying we had no account number, choosing satellite",https://call4.me/blog/directv-customer-service,
Delta,delta-customer-service,only call,2026-10-08,800-221-1212,company line,yes,16:15,yes,six character confirmation number,"saying we had no confirmation number and ""I need a representative"", then ""no thanks"" to the messaging and callback offers",https://call4.me/blog/delta-customer-service,post prose: about 16 minutes 20 seconds after dialing; about 14 minutes of it on hold
DoorDash,doordash-customer-service-number,only call,2026-10-09,855-431-0459,company line,yes,2:08,yes,"press 1 (English), press 1 (customer), then name the problem by voice","naming a problem (""missing item"", then ""refund"") instead of asking for a representative",https://call4.me/blog/doordash-customer-service-number,
Etihad,etihad-customer-service,only call,2026-10-01,+1 914-303-8393,company line,yes,2:21,no,"keypad routing only (language, cabin class, existing booking)","press 1, wait through the message, press the cabin class, press 2",https://call4.me/blog/etihad-customer-service,a call4me customer's call; the first agent sent us back to a menu and the agent who helped answered at 5:44
Experian,experian-phone-number,the recorded call (one of 15 that afternoon),2026-09-30,1-888-397-3742,company line,no,,no,"full Social Security number, ZIP code, street number, date of birth",nothing; no route reached a person,https://call4.me/blog/experian-phone-number,"own credit freeze; post calls the line ""fully automated"""
Fabletics,fabletics-customer-service,only call,2026-10-02,1-844-322-5384,company line,yes,1:08,yes,phone number on the account (asked twice),saying we didn't have it; the assistant transferred to a consultant,https://call4.me/blog/fabletics-customer-service,
Factor,cancel-factor,call 1 of 2,2026-10-03,(888) 573 5727,company line,yes,2:00,no,"menu option, phone number on the account, account holder or not",press 4 for account cancellation,https://call4.me/blog/cancel-factor,transcript timestamps approximate
Factor,cancel-factor,call 2 of 2,2026-10-03,(888) 573 5727,company line,yes,1:56,no,"menu option, phone number on the account, account holder or not","answering ""no"" to account holder, then option 4 to cancel",https://call4.me/blog/cancel-factor,transcript timestamps approximate
FedEx,fedex-customer-service-number,call 1 of 5,2026-10-01,1-800-463-3339,company line,no,,yes,tracking or door tag number,nothing; FedEx ended the call,https://call4.me/blog/fedex-customer-service-number,
FedEx,fedex-customer-service-number,call 2 of 5,2026-10-01,1-800-463-3339,company line,no,,yes,tracking or door tag number,"nothing; ""representative"" and ""something else"" did not help",https://call4.me/blog/fedex-customer-service-number,
FedEx,fedex-customer-service-number,call 3 of 5,2026-10-01,1-800-463-3339,company line,no,,yes,tracking or door tag number,nothing,https://call4.me/blog/fedex-customer-service-number,
FedEx,fedex-customer-service-number,call 4 of 5 (with a tracking number),2026-10-01,1-800-463-3339,company line,no,,yes,tracking or door tag number (given),giving the tracking number and asking for a representative got a callback offer,https://call4.me/blog/fedex-customer-service-number,own package
FedEx,fedex-customer-service-number,call 5 of 5 (FedEx calling us back),2026-10-01,,inbound callback,yes,0:23,no,none on the callback,the callback requested on call 4,https://call4.me/blog/fedex-customer-service-number,inbound; post prose: the callback came about 4 minutes after we first dialed on call 4
Fifth Third Bank,fifth-third-bank-customer-service,only call,2026-10-08,800-972-3030,company line,yes,1:44,no,full account or card number,not entering a valid number until the menu transferred the call,https://call4.me/blog/fifth-third-bank-customer-service,
FPL,fpl-phone-number,call 1 of 5,2026-10-01,1-888-988-8249,company line,no,,no,FPL account number or Social Security number,nothing; every question looped back to new account signup,https://call4.me/blog/fpl-phone-number,
FPL,fpl-phone-number,call 2 of 5,2026-10-01,1-888-988-8249,company line,no,,no,FPL account number or Social Security number,"nothing; ""representative"" got ""That option is not available""",https://call4.me/blog/fpl-phone-number,
FPL,fpl-phone-number,call 3 of 5,2026-10-01,1-888-988-8249,company line,no,,no,"account number or SSN, phone number on the account, ZIP code","nothing; ""agent"" got a list of options",https://call4.me/blog/fpl-phone-number,
FPL,fpl-phone-number,call 4 of 5,2026-10-01,1-888-988-8249,company line,no,,no,"account number or SSN, phone number on the account, ZIP code",nothing; the system hung up,https://call4.me/blog/fpl-phone-number,
FPL,fpl-phone-number,call 5 of 5,2026-10-01,1-888-988-8249,company line,yes,3:07,no,"account number or SSN (skipped via ""open a new account"")","""open a new account"", ""get started"", then ""representative"" and ""speak to a person""",https://call4.me/blog/fpl-phone-number,post cannot say which words did the work
Fubo,cancel-fubo,call 1 of 2,2026-10-03,(844) 441 3826,company line,no,,yes,billing ZIP code and last four digits of the payment card,"nothing; we let the AI assistant answer, it could not, and the call ended",https://call4.me/blog/cancel-fubo,
Fubo,cancel-fubo,call 2 of 2,2026-10-03,(844) 441 3826,company line,yes,1:59,yes,billing ZIP code and last four digits of the payment card,"asking twice for a human, then choosing ""customer service""",https://call4.me/blog/cancel-fubo,
GEICO,geico-customer-service,call 1 of 2,2026-10-09,(800) 207-7847,company line,no,,yes,"spoken reason, coverage type, date of birth",nothing; asking for a representative looped to a date of birth prompt and the call ended,https://call4.me/blog/geico-customer-service,
GEICO,geico-customer-service,call 2 of 2,2026-10-09,(800) 207-7847,company line,yes,2:35,yes,"date of birth, business or personal, current policy, state","saying ""get a new policy"", then ""auto"", and answering every question",https://call4.me/blog/geico-customer-service,
HelloFresh,cancel-hellofresh,only call,2026-10-03,(646) 846 3663,company line,yes,1:40,no,"phone number on the account, account holder or not, topic","the cancellation option, then a transfer",https://call4.me/blog/cancel-hellofresh,transcript timestamps approximate
Hertz,hertz-customer-service-number,call 1 of 3 (reservations line),2026-10-08,1-800-654-3131,company line,no,,yes,confirmation number,not tried; our caller never asked for a person and the assistant answered the questions itself,https://call4.me/blog/hertz-customer-service-number,
Hertz,hertz-customer-service-number,call 2 of 3,2026-10-08,1-800-654-4173,company line,no,,yes,"confirmation number, or phone number on the reservation","nothing; the assistant said it would connect us, then hung up when our caller stayed silent",https://call4.me/blog/hertz-customer-service-number,
Hertz,hertz-customer-service-number,call 3 of 3,2026-10-08,1-800-654-4173,company line,yes,3:07,yes,confirmation or rental record number,asking for a representative six times and answering every question,https://call4.me/blog/hertz-customer-service-number,
Hulu,hulu-customer-service-number,only call,2026-10-08,877-824-4858,company line,yes,1:28,no,none,pressing nothing and staying on the line,https://call4.me/blog/hulu-customer-service-number,
PayPal,paypal-customer-service-number,only call,2026-10-08,1-888-221-1161,company line,yes,4:30,yes,phone number on the PayPal account,"answering ""general question"" and ""something else"", then the keypad menu",https://call4.me/blog/paypal-customer-service-number,"saying ""representative"" three times did nothing by itself"
Pottery Barn,pottery-barn-customer-service,only call,2026-10-08,1-888-779-5176,company line,yes,0:49,no,none,"saying ""customer service""",https://call4.me/blog/pottery-barn-customer-service,
Priceline,priceline-customer-service,only call,2026-10-09,1-877-477-5807,company line,yes,25:09,yes,trip number or the phone number on the reservation,"saying we had no trip number, repeatedly, in both menus",https://call4.me/blog/priceline-customer-service,about 22 minutes of hold
SiriusXM,how-to-cancel-siriusxm,only call,2026-10-07,(866) 635 8641,company line,yes,,yes,account holder name and billing ZIP code,saying it was a general policy question and asking for a person twice,https://call4.me/blog/how-to-cancel-siriusxm,post does not state when the person answered
Spectrum,spectrum-retention-department,only call,2026-10-01,(833) 267-6094,company line,yes,7:49,no,"10 digit phone number or account number, then a text passcode or security code","saying ""cancel my account"", then ""disconnect""",https://call4.me/blog/spectrum-retention-department,a call4me customer's call; published recording shortens silences; post prose: about 5 and a half minutes on hold
United Airlines,united-change-flight,only call,2026-10-01,1-800-864-8331,company line,yes,19:09,yes,none before the agent,"saying ""flight change fee"", press 1, press 2, then holding",https://call4.me/blog/united-change-flight,post prose: 19 minutes 27 seconds after dialing (recording shortens dead air)
UnitedHealthcare,unitedhealthcare-phone-number,only call,2026-10-01,1-888-585-0631,company line,yes,1:04,no,none,press 1 (insurance for you or your family),https://call4.me/blog/unitedhealthcare-phone-number,
UPS,ups-contact-number,call 1 of 2,2026-10-01,1-800-742-5877,company line,no,,no,tracking number,nothing; our caller never asked for a representative in a way the menu took,https://call4.me/blog/ups-contact-number,
UPS,ups-contact-number,call 2 of 2,2026-10-01,1-800-742-5877,company line,yes,5:57,no,tracking number,"saying ""representative"" twice at the tracking number prompt",https://call4.me/blog/ups-contact-number,post prose: about 6 minutes in
USAA,usaa-phone-number,only call,2026-10-01,800-531-8722,company line,yes,3:28,no,Social Security or member number (non-members press 1),"press 1, press 2, then saying ""membership"" twice",https://call4.me/blog/usaa-phone-number,
Venmo,venmo-customer-service-number,call 1 of 2 (no account),2026-10-09,(855) 812-4430,company line,no,,no,the phone number on a Venmo account,"nothing; asking for a representative got ""Sorry, that was not a valid option""",https://call4.me/blog/venmo-customer-service-number,
Venmo,venmo-customer-service-number,call 2 of 2,2026-10-09,(855) 812-4430,company line,yes,4:57,no,whether the calling number is on a Venmo account,"press 4, 2, 1, 2 (dispute by phone), then staying on the line when no account was found",https://call4.me/blog/venmo-customer-service-number,
Verizon,verizon-customer-service,call 1 of 2 (no account),2026-10-01,800-922-0204,company line,no,,yes,"mobile number on the account, then account number",nothing; the AI assistant ended the call,https://call4.me/blog/verizon-customer-service,
Verizon,verizon-customer-service,call 2 of 2 (our own account),2026-10-01,800-922-0204,company line,yes,5:52,yes,"mobile number on the account, then identity check (text confirmation, then account PIN)","saying ""an agent, please""",https://call4.me/blog/verizon-customer-service,own account; post prose: 6 minutes 34 seconds into the call (recording shortens dead air)
Wayfair,wayfair-customer-service,call 1 of 2,2026-09-30,844-403-5086,company line,yes,1:12,yes,none; the assistant asked why we were calling,answering in one sentence,https://call4.me/blog/wayfair-customer-service,reached Wayfair Sales
Wayfair,wayfair-customer-service,call 2 of 2,2026-09-30,844-403-5086,company line,yes,0:56,yes,none; the assistant asked how it could help,asking the question in one sentence,https://call4.me/blog/wayfair-customer-service,reached Wayfair Sales
Windstream (Kinetic),windstream-customer-service,call 1 of 3 (support line),2026-10-08,(800) 347-1991,company line,no,,no,phone number or account number,nothing; the menu hung up,https://call4.me/blog/windstream-customer-service,
Windstream (Kinetic),windstream-customer-service,"call 2 of 3 (sales line, option 3)",2026-10-08,(866) 703-8175,company line,no,,no,phone number or account number,"nothing; ""representative"" did not get past the account prompt",https://call4.me/blog/windstream-customer-service,
Windstream (Kinetic),windstream-customer-service,"call 3 of 3 (sales line, option 1)",2026-10-08,(866) 703-8175,company line,yes,0:55,no,none,press 1 (new residential deals and offers),https://call4.me/blog/windstream-customer-service,reached a sales representative
Crunch (Polk Street club),cancel-crunch,only call,2026-10-06,(415) 292 5444,local club,yes,0:04,no,none,nothing needed,https://call4.me/blog/cancel-crunch,single local club; transcript timestamps approximate
LA Fitness (Irvine Jamboree club),cancel-la-fitness,call 1 (the call that reached staff),2026-10-06,(714) 505 8958,local club,yes,0:45,no,none,waiting,https://call4.me/blog/cancel-la-fitness,single local club; a brief followup call got no answer and is not included
Planet Fitness (Lakeshore club),cancel-planet-fitness,call 1 of 2,2026-09-30,628-303-3332,local club,yes,0:59,no,none,"press 1 (member), press 5 (any other inquiries)",https://call4.me/blog/cancel-planet-fitness,single local club
Planet Fitness (Kearny St club),cancel-planet-fitness,call 2 of 2,2026-09-30,,local club,yes,0:00,unknown,not described,not described,https://call4.me/blog/cancel-planet-fitness,single local club; recording starts with the staff greeting; number not stated
