Check,Mode,Expected evidence,Observed result,Evidence reference,Pass or fail,Fix needed,Date checked
Included method,Inspect template details,Calling method and evidence output format are present,,,,,
Dependencies,Inspect recipient setup,Call4Me calling and result tools plus required files are available,,,,,
Independent setup,Recipient follows manifest,No private owner instructions needed to complete setup,,,,,
Account ownership,call4me_get_balance,Result belongs to the intended account without recording secrets,,,,,
New inputs,Preparation only,Current inputs produce intake check and call brief with no dialing,,,,,
Missing input,Preparation only,Bot asks instead of borrowing owner facts,,,,,
Partial result,Simulated transcript only,Unknown questions remain visible,,,,,
Approval boundary,Preparation only,Bot stops before a call message purchase or booking,,,,,
Duration cap,Inspect proposed call arguments,Approved talk time cap is set with max_minutes,,,,,
Optional authorized call,One specifically approved call,Same call id outcome transcript and recording support final answers,,,,,
